id,name,email
1,Anna Nowak,anna.nowak@example.com
2,Jan Kowalski,jan.kowalski@example.com
3,Maria Wiśniewska,maria.wisniewska@example.com
4,Paweł Nowakowski,pawel.nowakowski@example.com
5,Katarzyna Zielińska,katarzyna.zielinska@example.com
6,Marcin Mazur,marcin.mazur@example.com
7,Agata Jankowska,agata.jankowska@example.com
8,Tomasz Krawczyk,tomasz.krawczyk@example.com
9,Zofia Kaczmarek,zofia.kaczmarek@example.com
10,Michał Wojciechowski,michal.wojciechowski@example.com
11,Laura Szymańska,laura.szymanska@example.com
12,Krzysztof Jasiński,krzysztof.jasinski@example.com
13,Monika Dąbrowska,monika.dabrowska@example.com
14,Wojciech Kowalczyk,wojciech.kowalczyk@example.com
15,Anna Zając,anna.zajac@example.com
16,Jakub Baran,jakub.baran@example.com
17,Paulina Kwiatkowska,paulina.kwiatkowska@example.com
18,Dominik Grabowski,dominik.grabowski@example.com
19,Helena Wróbel,halena.wrobel@example.com
20,Kamil Sokołowski,kamil.sokolowski@example.com
